,nombres
0,Paloma
1,Sento
2,Simoneta
3,Luano
4,Mileva
5,Sharol
6,Dalexander
7,Kalen
8,Lohana
9,Abi
10,Yemili
11,Nayely
12,Dan
13,Vicenzo
14,Georgiy
15,Ingrid
16,Aitana
17,Giuliana
18,Balerin
19,Tomasita
20,Beth
21,Constantino
22,Xochtiel
23,Icaro
24,Roxana
25,Danadara
26,Miroslav
27,Jaquelina
28,Kaled
29,Anthony
30,Moana
31,Jade
32,Mikail
33,India
34,Celene
35,Frank
36,Lisana
37,Oliverio
38,Cristobal
39,Ludovica
40,Venicio
41,Malva
42,Nehiel
43,Niklaus
44,Triana
45,Padme
46,Jan
47,Nadine
48,Itzá
49,Randal
50,Letizia
51,Clarisa
52,Eduardo
53,Cipriano
54,Tammo
55,Ginno
56,Cipriana
57,Serena
58,Siamara
59,Elisea
60,Franshesco
61,Juana
62,Dalmacio
63,Filippo
64,Zahiara
65,EdÉn
66,Manuel
67,Nicola
68,Kauan
69,Samy
70,Elvira
71,Briseida
72,Sheyne
73,Bernardino
74,Danay
75,Nhoa
76,Lilia
77,Kuzma
78,Aureliano
79,Dieberson
80,Zuriel
81,Dairo
82,Lautaro
83,Francelina
84,Nery
85,Karime
86,Raisa
87,Nilmar
88,Thiziano
89,Huarmi
90,Argina
91,Stefani
92,Braiz
93,Yaco
94,Sneider
95,Telmo
96,Albaro
97,Justiniano
98,Kiana
99,Katharina
100,Bettiana
101,Tonino
102,Olesya
103,Eileen
104,Ismaias
105,Andino
106,Abdul
107,Insolina
108,Alam
109,Solara
110,Melina
111,Bianela
112,Joyce
113,Agnella
114,Atari
115,Cataleya
116,Galena
117,Alyra
118,Anaya
119,Kathia
120,Kinna
121,Valdomiro
122,Thommy
123,Thimoteo
124,JHANETH
125,Herminda
126,Julissa
127,Enio
128,Mina
129,Gorka
130,Luciele
131,Sixto
132,Viridiana
133,Amnis
134,Juance
135,Russella
136,Niklas
137,Alannah
138,Ronaldinho
139,Alaia
140,Dara
141,Tiana
142,Lanna
143,Belisa
144,Annelise
145,Derek
146,Ilena
147,Kaya
148,Eliceo
149,Antoine
150,Alejandrina
151,Roly
152,Duilio
153,Sherlyn
154,Cirila
155,Aina
156,Andina
157,Saule
158,Vitali
159,Abram
160,Hendy
161,Azael
162,Prunella
163,Saida
164,Priscilla
165,Nasir
166,Linette
167,Lizandro
168,Dídac
169,Alcides
170,Tizziana
171,Brandonezequiel
172,Juancruz
173,Viana
174,Nadid
175,Hikaru
176,Anny
177,Brunno
178,Gaston
179,Nathaly
180,Melden
181,Michele
182,Leiden
183,Liel
184,Arisha
185,Eliana
186,Kyran
187,Claudia
188,Betina
189,Chenxin
190,Melek
191,Naharela
192,AUDENY
193,Hermelinda
194,Laima
195,Alin
196,Ailyn
197,JuanmartÍn
198,Madelaine
199,Keisi
200,Nazarena
201,Ademar
202,Geronimo
203,Franchesco
204,Brahim
205,Mayka
206,Piuke
207,Mailing
208,Huayra
209,Joacim
210,Jesuam
211,Josemaría
212,Gaetano
213,Milko
214,Fortunato
215,Seleni
216,Gricel
217,Estelina
218,Geremías
219,Vanessa
220,Montserrat
221,Erena
222,Santos
223,Aracelli
224,Kytzia
225,Cono
226,Rafa
227,Donatello
228,Ivone
229,Kratos
230,Denisse
231,Yaide
232,Cilena
233,Olaf
234,Nair
235,Azalea
236,Nilo
237,Asiel
238,Dumas
239,Kristel
240,Royer
241,Naiví
242,Omer
243,Waldemar
244,Ralo
245,Marema
246,Brian
247,Martin
248,Joselin
249,Alissa
250,Marcus
251,Rajuel
252,Keanu
253,Dimitri
254,Eunice
255,Caitlyn
256,Didierr
257,Harrison
258,Danae
259,Eitan
260,Ghala
261,Mirella
262,Milthon
263,Bricia
264,Inara
265,Tovias
266,Nahomy
267,Silvio
268,Estela
269,Brailing
270,Río
271,Osiel
272,ROBERTH
273,Lihue
274,Zhara
275,Tanainara
276,Anna
277,Dayara
278,Blas
279,Annabel
280,Moshe
281,Qhun
282,Dangelo
283,Nicolasa
284,Yuda
285,Baltasar
286,Cian
287,Abigail
288,Abbi
289,Sira
290,Juan
291,Franscesco
292,Diwen
293,Mareli
294,Jairo
295,Elal
296,Bennu
297,Laureano
298,Dulce
299,Casiel
300,Tadao
301,Yaretzy
302,Jahna
303,Osvaldo
304,Adara
305,Faiez
306,Arella
307,Lukitas
308,Sherlin
309,Annick
310,Giulian
311,Urias
312,Annelhey
313,Balthasar
314,Eduard
315,Nur
316,Bernabe
317,Dhiago
318,Raquela
319,Giulietta
320,Anael
321,Shlomit
322,Anya
323,Güinen
324,Nevis
325,Kenia
326,Jao
327,Selaya
328,Suyay
329,Natanel
330,Brahiton
331,Madison
332,Layra
333,Lisset
334,Syriana
335,Menta
336,Sherezade
337,Zohue
338,Dariel
339,Arya
340,Elizabeth
341,Geovana
342,Abelardo
343,Auca
344,Nicasia
345,Narumi
346,Muna
347,Alain
348,Alia
349,Zolara
350,Alely
351,Higer
352,Umi
353,Giannina
354,Ailin
355,Irynna
356,Kattia
357,Panambi
358,Benisio
359,Catriel
360,Bruna
361,Agnes
362,Yessenia
363,Brunelha
364,Nahiara
365,Sean
366,Ruperto
367,Abu
368,Maithena
369,Josué
370,Jannat
371,Barby
372,Danna
373,Alfio
374,Iseo
375,Ailiin
376,Zahyara
377,Yvan
378,Laurenzio
379,Sua
380,Pilar
381,Fabricio
382,Etian
383,Enid
384,Mylena
385,Yeshia
386,Madelein
387,Flor
388,Dayron
389,Nicanor
390,Vichenzo
391,Mabel
392,Dillan
393,Yoel
394,Ante
395,Mesi
396,Kenndy
397,Akin
398,Paul
399,Mireya
400,Mateos
401,Myla
402,Mathias
403,Amancio
404,Priscila
405,Zaida
406,Aramey
407,Mayla
408,Yori
409,Melani
410,Juanna
411,Catrina
412,Isaac
413,Madeleine
414,Adalís
415,Mia
416,Natanahel
417,Nanuk
418,Tovah
419,Erik
420,Casandra
421,Numa
422,Irene
423,Yamileth
424,Gursagar
425,Gladys
426,Neela
427,Rufo
428,Gamaliel
429,Iago
430,Delmira
431,Milla
432,Akane
433,Neyza
434,Carmelo
435,Sumaia
436,K'antu
437,Anuk
438,Santiago
439,Iacov
440,Tais
441,Imanol
442,Affrica
443,Uziel
444,Morrison
445,Vasily
446,Anelei
447,Ashanti
448,Wayra
449,Goyo
450,Daphne
451,Liam
452,Egidio
453,Mijael
454,Keira
455,Gyzem
456,Marcelina
457,Anyelina
458,Sammi
459,Lusi
460,Antonela
461,Neyla
462,Betel
463,Joseli
464,Steysy
465,Ainara
466,Jeanluca
467,Liz
468,Cibriano
469,Nikole
470,Faruk
471,Michelina
472,Francis
473,Gentzane
474,Luara
475,Toia
476,Domingo
477,Sally
478,Dicco
479,Ivonn
480,Vinicius
481,Nilda
482,Ahitana
483,Josias
484,Irinea
485,Itai
486,Eimi
487,Yoseline
488,Eirian
489,Kimi
490,Adilia
491,Michelangelo
492,Joshiana
493,Zahiana
494,Otto
495,Fiorella
496,Jerui
497,Vega
498,Adriel
499,Betiana
500,Josemir
501,Ives
502,Sami
503,Joakin
504,Horacio
505,Jacinto
506,Helenna
507,Elizandro
508,Thiano
509,Ludovico
510,Lucia
511,Josu
512,Kai
513,Fautino
514,Joy
515,Yisela
516,Petrona
517,Eliezer
518,Zahir
519,JHUDITH
520,Daiara
521,Jhenifer
522,Flavia
523,Yoana
524,Brandom
525,Alexi
526,Jhonalex
527,Mary
528,Jeziel
529,Meylin
530,Alaina
531,Zayn
532,Yanela
533,Fany
534,Mirena
535,Keyra
536,Miguelina
537,Stefanya
538,Devin
539,Mayerly
540,Bat-sheba
541,Leander
542,Giusseppe
543,Jean
544,Tanya
545,Tihago
546,Ayla
547,Shifra
548,Gwen
549,Crispin
550,Tinok
551,Froilan
552,Gheraldine
553,Geraldina
554,Hagen
555,Franklin
556,Pola
557,Facundotomás
558,Seyhen
559,Rubi
560,Bizantino
561,Claribel
562,Elaine
563,Katherinna
564,Arìstides
565,Eny
566,Amaris
567,Danitza
568,Cianna
569,Dahinara
570,Alesandra
571,Auberto
572,Raziel
573,Dardo
574,Aien
575,Ihanara
576,Thaliana
577,Helue
578,Ariana
579,Meir
580,Yazid
581,Joseline
582,Saul
583,Nadim
584,Ottaviano
585,Charles
586,JerÓrnimo
587,Aron
588,Brayan
589,Jorgina
590,Cristiano
591,Dorcas
592,Mirka
593,Thiana
594,Baltazar
595,Rufino
596,Arieh
597,Dominga
598,Sihamara
599,Ilina
600,Wallas
601,Giana
602,Zaynab
603,Naheli
604,Tahiana
605,Gervasio
606,Andrés
607,Janet
608,Filipe
609,Gianlucca
610,Briscila
611,Fransua
612,Jhunior
613,Willy
614,Adhara
615,Kalel
616,Zhamara
617,Caetano
618,Margarita
619,Abby
620,Feliciano
621,Ticiana
622,Benjamin
623,Aitanna
624,Ayshel
625,Sheine
626,Imma
627,Armando
628,Otoniel
629,Verenice
630,Laurentina
631,Vinicio
632,Aleida
633,Adabel
634,Adriana
635,Israel
636,Reykon
637,Regino
638,Edward
639,Lunela
640,Rosa
641,Maki
642,Dastin
643,Rooney
644,Fadel
645,Caila
646,Jair
647,Davi
648,Celica
649,Leucadio
650,Mijal
651,Anghelina
652,Cosette
653,Magnus
654,Ignacia
655,Zarek
656,Leonel
657,AsaÌ
658,Ahimara
659,Filippa
660,Nehiam
661,Neylan
662,Akina
663,Aleli
664,Marley
665,Emyli
666,Siria
667,Saustin
668,Irenea
669,Tabaré
670,Abiel
671,Samir
672,Oscar
673,Clara
674,Malena
675,Bastiantahiel
676,Kenshiro
677,Maisha
678,Astou
679,Hernán
680,DEYMAR
681,Luzmira
682,Beraja
683,Clarissa
684,Dakota
685,Fabiana
686,Willem
687,Freya
688,Lionelmichel
689,Huari
690,Affan
691,Nasheri
692,Lhocir
693,Elías
694,Nael
695,Naydelin
696,Estrella
697,Mey
698,Marialuz
699,Dianela
700,Ashley
701,Lizet
702,Odel
703,Sisa
704,Aluminé
705,Antony
706,Derlis
707,Farah
708,Ginger
709,Miguelangel
710,Sahir
711,Valeska
712,Amadís
713,Tito
714,Genesis
715,Emanuel
716,Maaian
717,Julián
718,Shascesmin
719,Naylea
720,Javiera
721,Brissa
722,Celena
723,Ailine
724,Jon
725,Cedra
726,Naè
727,Evangelina
728,Analis
729,Zamira
730,Halit
731,Aitiana
732,Celso
733,Daisy
734,Sharen
735,Emeli
736,Michelle
737,Odìn
738,Inti
739,Luigi
740,Iraia
741,Yohan
742,Ekhiñe
743,Channel
744,Gustavo
745,Yoko
746,Chelsea
747,Lizbeth
748,Lars
749,Ezzio
750,Evangelin
751,Luc
752,Nataniel
753,Lean
754,Lucca
755,Nahuen
756,Habi
757,Graziano
758,Lleo
759,Erwuin
760,Duanm
761,Dorella
762,Owen
763,Johannes
764,Khaled
765,Fadia
766,Cristhoffer
767,Elva
768,Mathilda
769,Dalí
770,Rudimil
771,Kalil
772,Albertino
773,Jail
774,Suley
775,Aidan
776,Lorenza
777,Ilia
778,Anika
779,Xioamara
780,Jaco
781,Lezael
782,Marilin
783,Felixiano
784,Naya
785,Diago
786,Eliel
787,Olliana
788,Naima
789,Zizi
790,Limay
791,Greta
792,Madeley
793,Janaina
794,Jhandy
795,Dorotea
796,Scarlett
797,Gimena
798,Rebeca
799,Daniella
800,Drazen
801,Nicoló
802,Alisson_fabiana
803,Tulio
804,Ivonne
805,Yareck
806,Giulia
807,Trinidad
808,Erwin
809,Damian
810,Ishaan
811,Micol
812,Shaya
813,Ivan
814,Arlén
815,Zenaida
816,Jhon
817,Francisco
818,Ludgarda
819,Kurt
820,Kanela
821,Ziro
822,Ahsley
823,Aldair
824,Elida
825,Rafaella
826,Alexia
827,Sharif
828,Mikeas
829,Tacio
830,Erian
831,Umaa
832,Mariano
833,Ben
834,Giulianna
835,Nehuel
836,Thianna
837,Doménica
838,Nitzana
839,Tahiz
840,Reggina
841,Ernenek
842,Constantina
843,Leonor
844,Nahil
845,Vautista
846,Maite
847,Shara
848,Elouan
849,Haroldo
850,Noga
851,Malú
852,Beniccio
853,Sonia
854,Renatha
855,Kehila
856,Jeanneth
857,Julie
858,Kylie
859,Alfonsina
860,Tamily
861,Tríztan
862,Francys
863,Laia
864,Ismael
865,Ximena
866,Yalena
867,Nathaniel
868,Lanz
869,Chise
870,Naim
871,Sttefano
872,Daian
873,Yhovani
874,Taia
875,Reef
876,Niobe
877,Valentiín
878,Zafira
879,Roma
880,Nino
881,Nahla
882,Shaine
883,Ghissel
884,Pirlo
885,Kamilo
886,Munay
887,Aprilia
888,Henry
889,Wado
890,Daniel
891,Noemia
892,ELBIS
893,Miguela
894,Gino
895,Saymon
896,Aldo
897,Jaia
898,Aurelia
899,Aimee
900,Simone
901,Natsumi
902,Zeus
903,Dayro
904,Eufemia
905,Pier
906,Zakir
907,Joao
908,Guido
909,Orel
910,Tatiana
911,Etelvina
912,Wilfredo
913,Alyson
914,Lhuan
915,Stefanella
916,Magda
917,Hermé
918,Yhonatan
919,Alexander
920,Athiel
921,Florentino
922,Lucciana
923,Rosangela
924,Laura
925,MAKEILY
926,Thyan
927,Idmerson
928,Clever
929,Betzabeth
930,Aritz
931,Fritz
932,Yared
933,Willian
934,Annita
935,Natasza
936,Sion
937,Idia
938,Kelly
939,Catherin
940,Madelon
941,Debian
942,Hana
943,Eris
944,Inés
945,Gloria
946,Sigrunn
947,Levis
948,Lazzaro
949,Ronna
950,Keivisson
951,Gonzalo
952,Naira
953,Selene
954,Luney
955,Juampablo
956,Isabelino
957,Zoe´ludmila
958,Davis
959,Elizabet
960,Verina
961,Esmael
962,Rumi
963,Maximiliano
964,Baruc
965,Milagros
966,Angelo
967,JHEYMI
968,Aylenn
969,Zacarias
970,Eleuterio
971,Baldomero
972,Angeles
973,Erick
974,Stefany
975,Anneris
976,CiroTiziano
977,Anambé
978,Lohan
979,Borja
980,Antonietta
981,Nikolas
982,Itzae
983,Maiten
984,Veeraj
985,Roni
986,Zión
987,Carlota
988,Amane
989,Nacha
990,Emerii
991,Grace
992,Rino
993,Bryanna
994,Yosef
995,Naihara
996,Giovenale
997,Miko
998,Umha
999,Rómulo
1000,Tandori
1001,Malvina
1002,Orella
1003,Lara
1004,Aiza
1005,Oliana
1006,Shaina
1007,Merlino
1008,Bruce
1009,Alanah
1010,Melanie
1011,Elea
1012,Brunella
1013,Ivanna
1014,Sara
1015,Nain
1016,Isam
1017,Bizancio
1018,Estrellita
1019,Aysel
1020,Issac
1021,Kirill
1022,Ruth
1023,Elisandra
1024,Sohan
1025,Ainhara
1026,Donisio
1027,Tristan
1028,Baucis
1029,Yamandú
1030,Selenia
1031,Dairon
1032,Basilio
1033,Chano
1034,Evelyn
1035,Maylen
1036,Hanalia
1037,Hannes
1038,Yerffeson
1039,Eloi
1040,Oihan
1041,Sura
1042,Erika
1043,Ionas
1044,Alegra
1045,Neemias
1046,Danthe
1047,Isis
1048,Tyana
1049,Iosu
1050,Dael
1051,Marivela
1052,Nairu
1053,Mica
1054,Naila
1055,Neoren
1056,Malaquias
1057,Velentín
1058,Yair
1059,Luzmila
1060,Josephina
1061,Deian
1062,Ziel
1063,Maricel
1064,Tino
1065,Tommy
1066,Norali
1067,Yalitza
1068,Celedonio
1069,Aylim
1070,Chanel
1071,Jehovana
1072,Anelkha
1073,Liza
1074,David
1075,Joana
1076,Lia
1077,Abbie
1078,Miley
1079,Betsabe
1080,Taylor
1081,Antoni
1082,Abel
1083,Daliza
1084,Mai
1085,Anni
1086,German
1087,Athena
1088,Ely
1089,Jhanett
1090,Ernestina
1091,Teseo
1092,Sebastiano
1093,Ubaldo
1094,Patroclo
1095,Dalmiro
1096,Desireé
1097,Lukas
1098,Anthuan
1099,Tome
1100,Katarina
1101,Tihan
1102,Felisa
1103,Susana
1104,Liliana
1105,Nahitara
1106,Francina
1107,AlmamÌa
1108,Stephanie
1109,Hector
1110,Darwin
1111,Yuniel
1112,Georgina
1113,Luna
1114,Beyza
1115,Oma
1116,Febe
1117,Etson
1118,Remo
1119,Nayla
1120,Ain
1121,Siro
1122,Franchesca
1123,Jordan
1124,Geraldine
1125,Benson
1126,Brina
1127,Antonino
1128,Aimara
1129,Lihuen
1130,Gahel
1131,Urim
1132,Ignazio
1133,Samirah
1134,Emilda
1135,Leyni
1136,Patil
1137,Saimon
1138,Galit
1139,Maleni
1140,Ammi
1141,Yian
1142,Ridwan
1143,Zharick
1144,Argentino
1145,Ginesa
1146,Chaian
1147,Sianna
1148,Brando
1149,Berenice
1150,Abryl
1151,Karen
1152,Shelvin
1153,Lizbeht
1154,Kilian
1155,Sarai
1156,Giorgio
1157,Amarena
1158,Dante
1159,Gianno
1160,Ameri
1161,Itsel
1162,Indira
1163,Evaluna
1164,EDILSON
1165,Maitena
1166,Luca
1167,Vento
1168,Itiel
1169,Florentina
1170,Lani
1171,Ursula
1172,Karin
1173,Oier
1174,Dani
1175,Melany
1176,Pascuala
1177,Angellina
1178,Arlene
1179,Damaris
1180,Aslan
1181,Geovanny
1182,Yadira
1183,Ivona
1184,Luccia
1185,Lala
1186,Maile
1187,Joey
1188,Milva
1189,Warmi
1190,Maura
1191,Abilene
1192,Giovinko
1193,Adib
1194,Tupak
1195,Iazaro
1196,Gianmarco
1197,Delfinna
1198,Fara
1199,Mayli
1200,Gyanlucas
1201,Auka
1202,Elvecio
1203,John
1204,Dasmaris
1205,Gaetanno
1206,Nicolina
1207,Seraseli
1208,Naisha
1209,Queralt
1210,Nehuen
1211,Saywa
1212,Ubay
1213,Aima
1214,Salma
1215,Taio
1216,Eliab
1217,Vereniss
1218,Iara
1219,Wanelen
1220,Akim
1221,Erland
1222,Eligio
1223,Zayd
1224,Christina
1225,Zenón
1226,Sahara
1227,Analay
1228,Minu
1229,Menachem
1230,Milovan
1231,Vinisio
1232,Penelope
1233,Beymar
1234,Atenas
1235,Mafalda
1236,Cerimel
1237,Yasmin
1238,Maxziel
1239,Mikha
1240,Aucan
1241,Ciel
1242,Menajem
1243,Eluney
1244,Andrea
1245,Naguan
1246,Kaley
1247,Yasesmin
1248,Aimi
1249,Galia
1250,Yhutiel
1251,Giomara
1252,Danela
1253,Maywa
1254,Teotimo
1255,Agostino
1256,Carlina
1257,Thomas
1258,Roy
1259,Candida
1260,Sholem
1261,Mawvn
1262,Kristofer
1263,Aydeè
1264,Jasmín
1265,Inna
1266,Danilo
1267,Edouard
1268,Valko
1269,Alanna
1270,Nahuara
1271,Kathleen
1272,Amora
1273,Bertin
1274,Arno
1275,Nahiru
1276,Joseleinne
1277,Bejamin
1278,Cirano
1279,Vittorino
1280,Benizzio
1281,Adina
1282,Sohe
1283,Emma
1284,Abdias
1285,Lulú
1286,Emanuela
1287,Lur
1288,Joakim
1289,Loriana
1290,Suara
1291,Yani
1292,Aleksandar
1293,Chantal
1294,Orianna
1295,Reuvén
1296,Anllela
1297,Nieve
1298,Zair
1299,Ellie
1300,Victoriana
1301,Nashua
1302,IDAIRA
1303,Vigo
1304,Betania
1305,Adelina
1306,Costanza
1307,Estephan
1308,Arumi
1309,Atilia
1310,Balentina
1311,Alesia
1312,Morena
1313,Jhonny
1314,Miyel
1315,Gillermina
1316,Benjamìm
1317,Yuriana
1318,Carminia
1319,Milia
1320,Mathilde
1321,Domiciano
1322,Azuri
1323,Shalom
1324,Bastiaan
1325,Pina
1326,Bejot
1327,Ukyo
1328,Austin
1329,Genarita
1330,Gennaro
1331,Cassiano
1332,Josef
1333,Melín
1334,Yehiel
1335,Berenise
1336,Kali
1337,Tariq
1338,Deyna
1339,Miguel
1340,Olianna
1341,Tahira
1342,Viktor
1343,Stheisi
1344,Eliandel
1345,Meltem
1346,Corinne
1347,Raffi
1348,Skay
1349,Vasco
1350,Millaray
1351,Yazmin
1352,Inga
1353,Humma
1354,Aleksander
1355,Pilmayquén
1356,Ilana
1357,Geena
1358,Joaquina
1359,Jiayu
1360,Alejandra
1361,Sharlin
1362,Lucenzo
1363,Yatel
1364,Iroh
1365,Jimy
1366,Biagnella
1367,Jahir
1368,Mayte
1369,Melodi
1370,Roque
1371,Erynn
1372,Franchessca
1373,Contantino
1374,Finn
1375,Naiara
1376,Thalia
1377,Helen
1378,Cira
1379,Serafina
1380,Patricio
1381,Dalton
1382,Lili
1383,Micaias
1384,Veronica
1385,Renata
1386,Gianluka
1387,Ysaias
1388,Tiago
1389,Vladek
1390,Edit
1391,Emmily
1392,Jesse
1393,Añes
1394,Melisa
1395,Shanel
1396,Malik
1397,Lantana
1398,Genara
1399,Valentina
1400,Jossué
1401,Jocelyn
1402,Gabriella
1403,Esther
1404,Bera
1405,Rachel
1406,Gina
1407,Clarita
1408,Eulogio
1409,Brianna
1410,Ostin
1411,Yanel
1412,Thadeo
1413,Calixta
1414,Raí
1415,Yvoty
1416,Matt
1417,Guada
1418,Evencio
1419,Eilene
1420,Llarú
1421,Augusto
1422,Tao
1423,Milagro
1424,Atina
1425,Sneyder
1426,Ezra
1427,Marysol
1428,Rouse
1429,Jenifer
1430,Felicitas
1431,Mailen
1432,Amira
1433,Morel
1434,Holly
1435,Ayrton
1436,Anne
1437,Mirco
1438,Kauany
1439,Humberto
1440,Nelida
1441,Amaranta
1442,Ariane
1443,Elisha
1444,Maycol
1445,Pampa
1446,Merilyn
1447,Alfonso
1448,Tony
1449,Sandra
1450,Yefferson
1451,Kerin
1452,Kazuo
1453,Dantte
1454,Karlos
1455,Santina
1456,Analy
1457,Zantino
1458,Anastacia
1459,Maytena
1460,Rúvi
1461,Eloisa
1462,Maja
1463,Melian
1464,Jamaica
1465,Xoan
1466,Maika
1467,Emi
1468,Lilo
1469,Alim
1470,Emiliio
1471,Janno
1472,Noha
1473,Belinda
1474,JHUDIT
1475,Éloïse
1476,Alexandra
1477,Dahel
1478,Shaul
1479,Alejo
1480,Adele
1481,Anselmo
1482,Adela
1483,Marián
1484,Felix
1485,Tarek
1486,Elia
1487,Denis
1488,Maribel
1489,Maksim
1490,Amihara
1491,Enriqueta
1492,Maina
1493,Luiggi
1494,Milos
1495,Avigail
1496,Gislene
1497,Minerva
1498,Aymara
1499,Ainelén
1500,Favian
1501,Giuma
1502,Emanuella
1503,Santyno
1504,Sahida
1505,Martiriano
1506,Alex
1507,Nauzet
1508,Marilu
1509,Yesia
1510,Miklo
1511,Lionel
1512,Evangelista
1513,Wendi
1514,Tehila
1515,Naomi
1516,Analuz
1517,Taku
1518,Tita
1519,Fabrizzio
1520,Daivid
1521,Athos
1522,Milho
1523,Anaelí
1524,Lula
1525,Jerusalen
1526,Noaj
1527,Guillermo
1528,Luz
1529,Ronit
1530,Africa
1531,Azahí
1532,Tiam
1533,Filipo
1534,Bianca
1535,Cloé
1536,Jaline
1537,Liber
1538,Jefferson
1539,Ribka
1540,Rocio
1541,Winifred
1542,Maikon
1543,Giaco
1544,Yhasmin
1545,Yorick
1546,Nanihue
1547,Mateo
1548,Delcy
1549,Anthonella
1550,Siara
1551,Thiziana
1552,Zohelem
1553,Aisha
1554,Traful
1555,Hilda
1556,Gerard
1557,Ianara
1558,Nicia
1559,Akhiles
1560,Ralph
1561,Yanahina
1562,Josefa
1563,Marcos
1564,San
1565,Yazhira
1566,Jieke
1567,Nicolino
1568,Maleny
1569,Mayco
1570,Oz
1571,Iona
1572,Nastalia
1573,Ernesto
1574,Shesia
1575,Yoshio
1576,Graciano
1577,Mira
1578,Joselyn
1579,Marienela
1580,Inka
1581,Lumaë
1582,Falucho
1583,Mizuki
1584,Annie
1585,Devon
1586,Arnaldo
1587,Remigio
1588,Balentín
1589,Steffano
1590,Micaela
1591,Venancio
1592,Juani
1593,Eliazar
1594,Vitorio
1595,Isaak
1596,Umay
1597,Delcidia
1598,Jhoselin
1599,Aylen
1600,Afrika
1601,Perseo
1602,Shoselyn
1603,Hadassa
1604,Nahomi
1605,Michell
1606,Tromen
1607,Milner
1608,Selem
1609,Maxiliano
1610,Alison
1611,Anyelo
1612,Julio
1613,Yannick
1614,Eliaser
1615,Travis
1616,Ceferino
1617,Violetta
1618,Javi
1619,Lusine
1620,Giustino
1621,Dion
1622,Katerina
1623,Brahyan
1624,Jeancarlos
1625,Candelaria
1626,Teodoro
1627,Crishelen
1628,Nala
1629,Jorge
1630,Nairi
1631,Lisa
1632,Jara
1633,Arian
1634,Karu
1635,Mayahuel
1636,Itan
1637,Eleonora
1638,Constaza
1639,Gesiel
1640,Jose
1641,Eliany
1642,Thanné
1643,Tadeo
1644,Linna
1645,Lyon
1646,Yustina
1647,Yzan
1648,Mikeila
1649,Lenny
1650,Roberto
1651,Melania
1652,Aitano
1653,Mirna
1654,Amin
1655,Giovanella
1656,Analu
1657,Aixa
1658,Sathya
1659,Abbigail
1660,Leonardo
1661,JHAMIL
1662,Laurent
1663,Maxi
1664,Wisleydi
1665,Densel
1666,Jaume
1667,Sherón
1668,Dayra
1669,Dorothea
1670,Steve
1671,Anotonio
1672,Jamil
1673,Narayan
1674,Antoña
1675,Damary
1676,Pompeya
1677,Emerson
1678,Sheena
1679,Illariy
1680,Jalen
1681,Geovanna
1682,Ananda
1683,Amali
1684,Amilkar
1685,Bautysta
1686,Emely
1687,Yamina
1688,Valente
1689,Yessica
1690,Erlinda
1691,Wendelín
1692,Tannia
1693,Sibelina
1694,Judit
1695,Beatriz
1696,Gerald
1697,Maldalena
1698,Lucila
1699,Leahsamira
1700,Amarela
1701,Neri
1702,Nazira
1703,Amani
1704,Pierino
1705,Ursulla
1706,Milay
1707,Galo
1708,Radamel
1709,Gea
1710,Belina
1711,Cayetina
1712,Alahi
1713,Mili
1714,Kyan
1715,Enzo
1716,Adilson
1717,Evaristo
1718,Jano
1719,Luigino
1720,Bradley
1721,LÚzia
1722,Lourdes
1723,Exequiel
1724,Maider
1725,Xiomara
1726,Epumer
1727,Vida
1728,Alfeo
1729,Solana
1730,Tihano
1731,Carmela
1732,Isisbella
1733,Rebeka
1734,Lupe
1735,Fidelina
1736,Flora
1737,Ansilta
1738,Joseffina
1739,Hakeem
1740,Luka
1741,Emelyne
1742,Yulian
1743,Konstantin
1744,Eric
1745,Margherita
1746,Iban
1747,Ciara
1748,Julieta
1749,Aramy
1750,Hibrian
1751,Tessa
1752,Ethan
1753,Veronika
1754,Amaycai
1755,Aynara
1756,Nathan
1757,Izaro
1758,Carwyn
1759,Yuriel
1760,Iñigo
1761,Sebatian
1762,Nicolas
1763,Hassan
1764,Charo
1765,Johana
1766,Ariella
1767,Amaray
1768,Samar
1769,Nahia
1770,Paz
1771,Pura
1772,Malai
1773,Giuseppe
1774,Griselda
1775,Yael
1776,Jhovanna
1777,Kyra
1778,Vicenta
1779,Luis
1780,Analia
1781,Ylena
1782,Issabela
1783,Astor
1784,Heloisa
1785,Marcuz
1786,Elin
1787,Sophia
1788,Polo
1789,Nisim
1790,Julietta
1791,Giancarlo
1792,Caty
1793,Sabino
1794,Marianella
1795,Enrico
1796,YUAWI
1797,Laszlo
1798,Taliana
1799,Canstanza
1800,Cesia
1801,Guilad
1802,Arquimedes
1803,Aroldo
1804,Ebe
1805,Ziomara
1806,Shulamit
1807,Killian
1808,Benajmin
1809,Douglas
1810,Jobelina
1811,Belén
1812,Iris
1813,Azul
1814,Nadin
1815,Gabriela
1816,Bhanu
1817,Milenka
1818,Umberto
1819,Suri
1820,Maylis
1821,Victtoria
1822,Omar
1823,Suraj
1824,Lissandro
1825,Ixela
1826,Lizia
1827,Juara
1828,Rodrigo
1829,Cecilio
1830,Gala
1831,Marco
1832,Aurelio
1833,Fernando
1834,Milenca
1835,Kenya
1836,Narain
1837,Daffne
1838,Mikeyla
1839,Lorena
1840,Evan
1841,Paulo
1842,Ruffina
1843,Alexandros
1844,Pierre
1845,Adrael
1846,Amy
1847,Huma
1848,Adelaida
1849,Matilde
1850,Florencia
1851,Wilber
1852,Ilan
1853,Jeshua
1854,Maili
1855,Hans
1856,Avril
1857,Daenerys
1858,Ziara
1859,Adonay
1860,Calma
1861,Elen
1862,Wairo
1863,Monserrath
1864,Daviana
1865,Ada
1866,Fouad
1867,Jeffrey
1868,Liwen
1869,Nerea
1870,Piave
1871,Jorel
1872,Iber
1873,Napoleón
1874,Vinko
1875,Walkiria
1876,Cedrik
1877,Siena
1878,Berenize
1879,Whitney
1880,Jesús
1881,Gigliola
1882,Emisia
1883,Uriela
1884,Gian
1885,Raphaël
1886,Agueda
1887,Yemba
1888,Edeline
1889,Arnau
1890,Daymara
1891,Alberto
1892,Pamela
1893,Shana
1894,Xiana
1895,Salvador
1896,Hilaria
1897,Calah
1898,Grissel
1899,Katrina
1900,Desiderio
1901,Nayeli
1902,Arabela
1903,Adonis
1904,Benicio
1905,Maurixio
1906,Heber
1907,Ioni
1908,Larissa
1909,Jimmy
1910,Nicoletta
1911,Venero
1912,Xiamara
1913,Frida
1914,Moreno
1915,Mylo
1916,Mariam
1917,Neimar
1918,Genoveva
1919,Daiana
1920,Peyton
1921,Eliza
1922,Andy
1923,Lib
1924,Savina
1925,Atia
1926,Yader
1927,Brescía
1928,Kaira
1929,Iberio
1930,Joselina
1931,Delis
1932,Stefi
1933,Damari
1934,Leire
1935,Angelia
1936,Karina
1937,Taniha
1938,Jaziel
1939,Kerem
1940,Yennifer
1941,Gariel
1942,Gondwana
1943,Asaf
1944,Ylien
1945,Marea
1946,Micael
1947,Ignasi
1948,Mildred
1949,Dahna
1950,Lakshmi
1951,Shekina
1952,Adria
1953,Mickeyla
1954,Jasbel
1955,Nazareo
1956,Ninna
1957,Yesica
1958,Renato
1959,Cuba
1960,Cristofer
1961,Eimily
1962,Tikuna
1963,Hadasa
1964,Mérida
1965,Gavin
1966,Annapaula
1967,Yanira
1968,Emiliana
1969,Noa
1970,Ixiana
1971,Ibrain
1972,Donna
1973,Damir
1974,Jaciel
1975,Viviana
1976,Gibran
1977,Leda
1978,Marthina
1979,Darien
1980,Iker
1981,Olvia
1982,Xander
1983,Áyax
1984,Sarita
1985,Jeferson
1986,Wiliam
1987,Yenifer
1988,Uma
1989,Stella
1990,Willam
1991,Fatima
1992,Rut
1993,Xina
1994,Octavia
1995,Anais
1996,Katja
1997,Benito
1998,Tarcisio
1999,Erminia
2000,Garo
2001,Aithan
2002,Maira
2003,Gadiel
2004,Robert
2005,Talita
2006,Keily
2007,Yarina
2008,Khloe
2009,Ornela
2010,Faquin
2011,Braulio
2012,Brisia
2013,Nikola
2014,Careli
2015,Kalani
2016,Fiona
2017,Sophie
2018,Lucinda
2019,Faith
2020,Josela
2021,Rosmeri
2022,Leah
2023,Tisiano
2024,Teo
2025,Darlyn
2026,Kerim
2027,Rocke
2028,Anahy
2029,Florencio
2030,Zadquiel
2031,Kimberly
2032,Aluney
2033,Giorgina
2034,Bartolomeo
2035,Frano
2036,Jacobo
2037,Berna
2038,Halim
2039,Yocelyn
2040,Ayron
2041,Anik
2042,Ariadne
2043,Balthazar
2044,Surya
2045,Crisalida
2046,Jadiel
2047,Isabela
2048,Rocco
2049,Leydi
2050,Antuan
2051,Marcia
2052,Ryujiro
2053,Eron
2054,Marita
2055,NADITH
2056,Bastiano
2057,Wara
2058,William
2059,Silvana
2060,Amapola
2061,Isadora
2062,Alumi
2063,Ihara
2064,Mathis
2065,NÁyade
2066,Thamiris
2067,Lyonel
2068,Devonne
2069,Kauá
2070,Nely
2071,Zaro
2072,Amairani
2073,Bianco
2074,Inca
2075,Zarah
2076,Vital
2077,Mayhua
2078,Dylan
2079,Eilyn
2080,Yarif
2081,Dominik
2082,Eber
2083,Ahimy
2084,Jackeline
2085,Lilah
2086,Elisabet
2087,Ythan
2088,Cahuel
2089,Sheyla
2090,Zarina
2091,Evo
2092,Benjamina
2093,Nancy
2094,Bernabela
2095,Pietra
2096,Zohe
2097,Ingel
2098,Aruán
2099,Ivo
2100,Tizziano
2101,Samanta
2102,Gianni
2103,Micahela
2104,Marlon
2105,Benedicto
2106,Nicholas
2107,Thaiel
2108,Dereck
2109,Yasmila
2110,Nicol
2111,Ebba
2112,Eduwin
2113,Sharifa
2114,Iron
2115,Jalila
2116,Bennicio
2117,Jack
2118,Natan
2119,Liesel
2120,Ezequiel
2121,Ghio
2122,Effie
2123,Giampiero
2124,Olivier
2125,Otilia
2126,Hassen
2127,Osmar
2128,Malén
2129,Gilberto
2130,Uzias
2131,Zuria
2132,Indra
2133,Theodoro
2134,Gio
2135,Neiel
2136,Yehuda
2137,Marina
2138,Dimas
2139,Kalev
2140,Gisele
2141,Nalua
2142,AndrÉ
2143,Baco
2144,Iuri
2145,Piukem
2146,Myrko
2147,Siri
2148,Huirillen
2149,Aihara
2150,Arandú
2151,Sherazade
2152,Marisel
2153,Ismaella
2154,Irini
2155,Laureana
2156,Cruz
2157,Dilan
2158,Yuliana
2159,Dafne
2160,Simonetta
2161,Abisai
2162,Enola
2163,Ahilín
2164,Yunyi
2165,Mayib
2166,Danielle
2167,Nasser
2168,Bernarda
2169,Siulmarys
2170,Donato
2171,Nolan
2172,Dalit
2173,Frances
2174,Anwar
2175,Leia
2176,Braiton
2177,Gaitano
2178,Theo
2179,Sabrina
2180,Yaroslava
2181,Distèfano
2182,Ayumi
2183,Darek
2184,Iaacob
2185,Thian
2186,Maximina
2187,Jakianet
2188,Arié
2189,Jianna
2190,Martha
2191,Sebastien
2192,Kyle
2193,Ariel
2194,Maicol
2195,Jazmin
2196,Romanela
2197,Dago
2198,Matea
2199,Thaylor
2200,Carmen
2201,Natalina
2202,Valoy
2203,Juliano
2204,Vittorio
2205,Chabela
2206,Elvio
2207,Antina
2208,Huilen
2209,Declan
2210,Huerto
2211,Unai
2212,Joseph
2213,Abhinav
2214,Franco
2215,Yueyang
2216,Luizana
2217,Sergio
2218,Camila
2219,Porfirio
2220,María
2221,Galana
2222,Mar
2223,Margaret
2224,Iadel
2225,Morely
2226,Yurik
2227,Antonieta
2228,Hilen
2229,Johnny
2230,Galip
2231,Esperanza
2232,Raissa
2233,Giuseppina
2234,Vito
2235,Jeanpierre
2236,Sam
2237,Ronel
2238,Ahili
2239,Mikades
2240,Italo
2241,Edith
2242,Leo
2243,Andresa
2244,Alessio
2245,Giannela
2246,Alisa
2247,Zaiid
2248,EYBER
2249,Isavella
2250,Pillku
2251,Denisee
2252,Isai
2253,Lisandra
2254,Hilario
2255,Jhana
2256,Mileena
2257,Aiby
2258,Martiniano
2259,Augustino
2260,Dionel
2261,Nacho
2262,Perla
2263,Gema
2264,Asuncion
2265,Ryduan
2266,Enrique
2267,Giovano
2268,Demax
2269,Kely
2270,Eidan
2271,Lixandro
2272,Elba
2273,Renzo
2274,Thierno
2275,Jim
2276,Rosalba
2277,Stefanie
2278,Akiles
2279,Vladimir
2280,Saia
2281,Aaron
2282,Acdel
2283,Natalie
2284,Iñaky
2285,Nahiel
2286,Tomer
2287,Briel
2288,Belko
2289,Martí
2290,May
2291,Clarah
2292,Dalessandro
2293,Etania
2294,Adalgisa
2295,Eleazar
2296,Mateu
2297,Angel
2298,Araceli
2299,Yichen
2300,Briana
2301,Saira
2302,Narda
2303,Shiva
2304,Paraná
2305,Amariliz
2306,Kenai
2307,Alahia
2308,Yaiza
2309,Alessa
2310,Delfyna
2311,Franccesca
2312,Gisell
2313,Ayeray
2314,Braja
2315,Mischa
2316,Nazaria
2317,Asier
2318,Katherine
2319,Shantal
2320,Madelen
2321,Christoper
2322,Aika
2323,Molly
2324,Saya
2325,Goran
2326,Nicole
2327,Nestor
2328,Leryn
2329,Emelie
2330,Thaiss
2331,Neyeín
2332,Celia
2333,Estefani
2334,Hilel
2335,Cameron
2336,Margaretha
2337,Iliara
2338,Petra
2339,Esdras
2340,Aihoa
2341,Tania
2342,Heidi
2343,Ariadna
2344,Diosnel
2345,Leonidas
2346,Bastien
2347,Ceferina
2348,Sayen
2349,Lev
2350,Antonella
2351,Siomara
2352,Pierangela
2353,Zamiel
2354,Tessia
2355,YOSMAN
2356,Ihann
2357,Imena
2358,Amaia
2359,Amer
2360,Logan
2361,Dohyeon
2362,Lucas
2363,Any
2364,Thyanna
2365,Kiara
2366,Karmina
2367,Jiachen
2368,Dominique
2369,Naroa
2370,Ailim
2371,Natalio
2372,Maxwell
2373,Lenna
2374,Sihan
2375,Fleana
2376,Kate
2377,Emy
2378,Jaylli
2379,Alessandra
2380,Novak
2381,Isidoro
2382,Aila
2383,Luciane
2384,Santino
2385,Nara
2386,Salvatore
2387,Amalie
2388,Sherim
2389,Almodena
2390,Leonora
2391,Calixto
2392,Clohe
2393,Kevin
2394,Jaquelin
2395,Germain
2396,Thyago
2397,Adrianno
2398,Demetrio
2399,Mery
2400,Miriam
2401,Cathy
2402,Jennifer
2403,Jaim
2404,Hiojan
2405,Itzel
2406,Anusch
2407,Anibal
2408,Isolda
2409,Emilie
2410,Geo
2411,Hella
2412,Egle
2413,Valeriana
2414,Zahid
2415,Amparito
2416,Christian
2417,Dona
2418,Herman
2419,Kahoma
2420,Randy
2421,Bertina
2422,Aleshka
2423,Zahira
2424,Rose
2425,Iken
2426,Alessia
2427,Rolando
2428,Mauro
2429,Indianna
2430,Cohue
2431,Nikko
2432,Fidel
2433,Cornelio
2434,Ittay
2435,Emilse
2436,Thelma
2437,Timoteo
2438,Remedios
2439,Maddalena
2440,Valezka
2441,Kaia
2442,Saoirse
2443,Raif
2444,Betty
2445,Lisete
2446,Zooe
2447,Onur
2448,Keoma
2449,Abner
2450,Moa
2451,Ila
2452,CAINA
2453,Ibi
2454,Fredy
2455,Telma
2456,Shanara
2457,Arena
2458,Edlyn
2459,Danila
2460,Nataly
2461,Gerardo
2462,Zury
2463,Williams
2464,Rojo
2465,Natividad
2466,Aymi
2467,Lariza
2468,Mijail
2469,Catena
2470,Dahlia
2471,Kellan
2472,Magdalena
2473,Siloé
2474,Ezequias
2475,Amelí
2476,Guillemina
2477,Adil
2478,Melec
2479,Luchiano
2480,Jessica
2481,Zoe
2482,Lupita
2483,Thay
2484,Samia
2485,Yasemín
2486,Saray
2487,Dulcinea
2488,Rilver
2489,Ovidio
2490,Angelina
2491,Apdhael
2492,Fernan
2493,Annett
2494,Misael
2495,Fiorela
2496,Thaiz
2497,Milene
2498,Millie
2499,Nazareno
2500,Ahustina
2501,Katalleya
2502,Yerithza
2503,Didier
2504,Eugenio
2505,Vilko
2506,Gesumina
2507,Darlenne
2508,Valenttino
2509,Athenas
2510,Meina
2511,Brighton
2512,Vanesa
2513,Amaral
2514,Killiam
2515,Máximus
2516,Paola
2517,Safira
2518,Niceto
2519,Nelo
2520,Yunhao
2521,Khalil
2522,Raffaela
2523,Yobel
2524,Marko
2525,Gisella
2526,Nihuel
2527,Nadir
2528,Alenka
2529,Enya
2530,Mauri
2531,Andreína
2532,Athian
2533,Naia
2534,Hugo
2535,Nadide
2536,Shasmin
2537,Silvia
2538,Barbie
2539,Dixon
2540,Naxon
2541,Alua
2542,Neytiri
2543,Maireli
2544,Blass
2545,Bono
2546,Eusebio
2547,Erin
2548,Mhíaa
2549,Abelina
2550,Maynque
2551,Blanca
2552,Marioly
2553,Danah
2554,Lauriano
2555,Rosalinda
2556,Mailena
2557,Magaly
2558,Celinda
2559,Barbara
2560,Cassia
2561,Cocó
2562,Naruby
2563,Nadina
2564,Gia
2565,Shaima
2566,Antara
2567,Dionicio
2568,Yoselín
2569,Norberto
2570,Costantino
2571,Rufina
2572,Corina
2573,Amanahí
2574,Joann
2575,Ana
2576,Celine
2577,Jaciara
2578,Diddier
2579,Aliou
2580,Merlyn
2581,Piero
2582,Nailén
2583,Xinfei
2584,Catherine
2585,Allen
2586,Ummah
2587,Estefanía
2588,Noeli
2589,Ari
2590,Aleska
2591,Bahiana
2592,Janic
2593,Gonzalobautista
2594,Franca
2595,Jordi
2596,Irune
2597,Próspero
2598,Dana
2599,Dahian
2600,Stefan
2601,Lolo
2602,Caren
2603,Bienvenido
2604,Anahys
2605,Mila
2606,Ela
2607,Antonina
2608,Mayerli
2609,Vince
2610,Arturo
2611,Lyra
2612,Basilia
2613,Burak
2614,Leomar
2615,Alessandro
2616,Gianluca
2617,Nuna
2618,Amiela
2619,Jalil
2620,Pedrina
2621,Raffaello
2622,Zuley
2623,Tahiel
2624,Charlotte
2625,Iberá
2626,Soraya
2627,Amber
2628,Percy
2629,Steven
2630,Floyd
2631,Mariela
2632,Quimei
2633,Antu
2634,Katara
2635,Natacha
2636,Rutt
2637,Robertino
2638,Yesabel
2639,Angie
2640,Bismarck
2641,Jared
2642,Awara
2643,Caio
2644,Gioacchino
2645,Mya
2646,VEYMAR
2647,Katya
2648,Dennis
2649,Kathery
2650,Isack
2651,Nicolle
2652,Vania
2653,Amaro
2654,Britani
2655,Annya
2656,Brahian
2657,Jhonas
2658,Indina
2659,Albano
2660,Mariannina
2661,Sintia
2662,Hamid
2663,Garet
2664,Aylis
2665,Luly
2666,Amorina
2667,Silene
2668,Felipe
2669,Ibrahim
2670,Ninfa
2671,Lisi
2672,Atenea
2673,Kamil
2674,Maxine
2675,Shakira
2676,Iarah
2677,Shayra
2678,Felipa
2679,Jenny
2680,Gunnar
2681,Dahiel
2682,Sissi
2683,Nijan
2684,Tadashi
2685,Casimiro
2686,Alhue
2687,Mirian
2688,Alyn
2689,Pierina
2690,Sosi
2691,Siwar
2692,Zankay
2693,Fonsina
2694,Carla
2695,Calógero
2696,Laurana
2697,Mainumby
2698,Jaime
2699,Ander
2700,Jaid
2701,Maurina
2702,Said
2703,Baustista
2704,Areg
2705,Francè
2706,Leonella
2707,Giulio
2708,Sahira
2709,Lautharo
2710,Ralf
2711,Eros
2712,Laira
2713,Jacqueline
2714,April
2715,Delaram
2716,Agata
2717,Amilcar
2718,Onix
2719,Rosana
2720,Sibila
2721,Rigoberto
2722,Yurem
2723,Eliser
2724,Jhasira
2725,Nuria
2726,Shadira
2727,Lissette
2728,Elodina
2729,Nikol
2730,Yelsid
2731,Newen
2732,Isaan
2733,Jhonathan
2734,Aragon
2735,Noelle
2736,Fanchesca
2737,Deacon
2738,Amarú
2739,Fiamma
2740,Harón
2741,Cora
2742,Gianela
2743,Rosie
2744,Yahir
2745,Ilaria
2746,Alanis
2747,Benyamin
2748,Jason
2749,Annaluz
2750,Percival
2751,Sherin
2752,Kael
2753,Bluma
2754,Yosemir
2755,Nazarea
2756,Shiara
2757,Brittany
2758,Anush
2759,Mora
2760,Arianna
2761,Gustina
2762,Yutiel
2763,Luan
2764,Taiel
2765,Aldana
2766,Liset
2767,Nika
2768,Gregorio
2769,Lena
2770,Franscina
2771,Maximo
2772,Guilherme
2773,Osias
2774,Camillo
2775,Moira
2776,Kalet
2777,Lisette
2778,Emil
2779,Enery
2780,Yaquelin
2781,Nemali
2782,Eli
2783,Dionella
2784,Alí
2785,Sven
2786,Muxu
2787,Julita
2788,Erina
2789,Nalé
2790,Jhaziel
2791,Vera
2792,Gisel
2793,Uzziel
2794,Octaviana
2795,Joaco
2796,Fausto
2797,Carmella
2798,Antonia
2799,Mayer
2800,Evelis
2801,Lihuel
2802,Taiana
2803,Rhona
2804,Yeshuan
2805,Adolfina
2806,René
2807,Ghael
2808,Victorio
2809,Halima
2810,Ezel
2811,Malenna
2812,Nattali
2813,Seth
2814,Najmah
2815,Sebastiana
2816,Rosina
2817,Elio
2818,Luisella
2819,Jacques
2820,Franz
2821,Segundo
2822,Arlet
2823,Inty
2824,Maiara
2825,Galileo
2826,Soledad
2827,Yuqing
2828,Nahel
2829,Meliza
2830,Breno
2831,Sanders
2832,Giovanna
2833,Alice
2834,Giovana
2835,Nura
2836,Mikel
2837,Lola
2838,Selina
2839,Calu
2840,Simonne
2841,Dustin
2842,Ena
2843,Menuja
2844,Xavi
2845,Nurié
2846,Luisina
2847,GUISMAN
2848,Serafin
2849,Evolet
2850,Abril
2851,Leví
2852,Matias
2853,Yeico
2854,Hansel
2855,Jana
2856,Maga
2857,Ferruccio
2858,Ayni
2859,Sevastian
2860,Alexsander
2861,Cirene
2862,Almendra
2863,Darla
2864,Dino
2865,Yamil
2866,Jonhas
2867,Johan
2868,Shandira
2869,Joscelyn
2870,Alena
2871,Tahinara
2872,Marieta
2873,Damiano
2874,Stefana
2875,Fiama
2876,Iana
2877,Rina
2878,Zack
2879,Taina
2880,Lis
2881,Franceska
2882,Dahiana
2883,Arlan
2884,Hona
2885,Nahun
2886,Quetzalli
2887,Noralis
2888,Nerio
2889,Airon
2890,Ambay
2891,Doiver
2892,Toribio
2893,Liba
2894,Yerson
2895,Irán
2896,Carina
2897,Delfin
2898,Abdiel
2899,Liseth
2900,Justina
2901,Bairon
2902,Gyda
2903,Nieves
2904,Vincent
2905,Marcelino
2906,Amaralíz
2907,Melery
2908,Donatto
2909,Cattalina
2910,Telesita
2911,Pavel
2912,Alexandro
2913,Iankoff
2914,Thays
2915,Yojan
2916,Ignacis
2917,Amina
2918,Aiken
2919,Grégory
2920,Kasumi
2921,Ondina
2922,Moises
2923,Eimy
2924,Leroy
2925,Bartolomé
2926,Gines
2927,Heron
2928,Dilma
2929,Felippe
2930,Lucio
2931,Esteban
2932,Elwyn
2933,Bjorn
2934,Milano
2935,Reina
2936,Sur
2937,Elian
2938,Isac
2939,Roddy
2940,Liann
2941,Thayler
2942,Asael
2943,Florjahela
2944,Silvan
2945,Bento
2946,Omero
2947,Gariné
2948,Loa
2949,Tabita
2950,Naara
2951,Nicasio
2952,Maruan
2953,Gioia
2954,Madeleyne
2955,Luciano
2956,Brihana
2957,Tengyuan
2958,Moro
2959,Maxnamara
2960,Anabel
2961,Nionila
2962,Suyai
2963,Elena
2964,Loana
2965,Ulla
2966,Natasha
2967,Brianee
2968,Dolores
2969,Masha
2970,Isael
2971,Luissana
2972,Isidora
2973,Matia
2974,Medel
2975,Etiel
2976,Ginna
2977,Maia
2978,Ania
2979,Santiel
2980,Bernardina
2981,Luigina
2982,Jehiel
2983,Giovann
2984,Ainhoa
2985,Solano
2986,Taciana
2987,Walter
2988,Matilda
2989,Danhilo
2990,Vicente
2991,Selena
2992,Oziel
2993,Arslan
2994,Ofelia
2995,Abraham
2996,Mell
2997,Clarina
2998,Kaito
2999,Juaquin
3000,Tuomas
3001,Cristina
3002,Anelí
3003,Matheus
3004,Asherah
3005,Emiliano
3006,Batista
3007,Velntino
3008,Beltrán
3009,Marisela
3010,Lumen
3011,Afra
3012,Walquiria
3013,Tomasa
3014,Bahia
3015,Anderson
3016,Dainara
3017,Vitorino
3018,Verena
3019,Amie
3020,Tommas
3021,Kariluz
3022,Malka
3023,Almudena
3024,Heros
3025,Piera
3026,Ticiano
3027,Ilenia
3028,Izaskun
3029,Benjamíntobias
3030,Ibel
3031,Julia
3032,Keren
3033,Georgiana
3034,Ilai
3035,Eliazim
3036,Benecio
3037,Elienelsi
3038,Benitus
3039,Ailym
3040,Zhion
3041,Naimara
3042,Vytautas
3043,Ivoti
3044,Gaetana
3045,Gretel
3046,Dania
3047,Haleli
3048,Stiven
3049,Kira
3050,Filipa
3051,Yamila
3052,Monica
3053,Malek
3054,Rocko
3055,Alois
3056,Ricky
3057,Brunna
3058,Simey
3059,Tauriel
3060,Emir
3061,Renatto
3062,Etna
3063,Tomás
3064,Cassiel
3065,Yeray
3066,Elsita
3067,Paio
3068,Adelin
3069,Delila
3070,Vanina
3071,Yuri
3072,Alan
3073,Anahiara
3074,Anel
3075,Emily
3076,Morella
3077,Orlando
3078,Jenaro
3079,Thyara
3080,Magnolia
3081,Uno
3082,Yeshua
3083,Viko
3084,Bianka
3085,Bel
3086,Luani
3087,Perséfone
3088,Makena
3089,Violeta
3090,Agüita
3091,Vladimiro
3092,MÁssimo
3093,Roamir
3094,Ramses
3095,Irena
3096,Naiquen
3097,Megan
3098,Vedán
3099,Rosella
3100,Romanella
3101,Nayara
3102,Raiza
3103,Cliver
3104,Secundino
3105,Lisandro
3106,Koldo
3107,Dina
3108,Grettel
3109,Salvattore
3110,Sandro
3111,Neron
3112,Marizel
3113,Noé
3114,Issabella
3115,Jhohan
3116,Arissa
3117,Edgar
3118,Melody
3119,Gianpietro
3120,Stephania
3121,Varinia
3122,Jessie
3123,Carmín
3124,Lucileyne
3125,Rogelio
3126,Zatara
3127,Marlen
3128,Ermindo
3129,Yexalen
3130,Jhucep
3131,Luci
3132,Ikki
3133,Amiel
3134,Aoni
3135,Jeanfranco
3136,Cesira
3137,Fabrina
3138,Renée
3139,Teresita
3140,Nessa
3141,Jeanette
3142,Gaspar
3143,Noah
3144,Maymara
3145,WILDER
3146,Milton
3147,Ainoa
3148,Lucita
3149,Rosario
3150,Evelin
3151,Severino
3152,Vincenzo
3153,Samara
3154,Rihanna
3155,Uciel
3156,Ryan
3157,Marino
3158,Zeta
3159,Ekaterina
3160,Avidal
3161,Francino
3162,Nayra
3163,Xuan
3164,Ayun
3165,Isolina
3166,Anitz
3167,Zhoemi
3168,Giamel
3169,Michela
3170,Nuno
3171,Camel
3172,Dionisio
3173,Naití
3174,Inina
3175,Helena
3176,Rafael
3177,Cinthia
3178,Ava
3179,Roselio
3180,Zuri
3181,Ibai
3182,Felicia
3183,Conan
3184,Samuel
3185,Alter
3186,Fabrizio
3187,Egia
3188,Rosarito
3189,Magui
3190,Ina
3191,Bahauddin
3192,Eleanor
3193,Ahren
3194,Veniccio
3195,JHULIANA
3196,Edwin
3197,Homero
3198,Rosendo
3199,Jofiel
3200,Keili
3201,Rou
3202,Jone
3203,Jayana
3204,Danney
3205,Agustin
3206,Octavio
3207,Tiziana
3208,Maya
3209,Freida
3210,Aruen
3211,Margalit
3212,Eder
3213,Loida
3214,Eymily
3215,Neta
3216,Zaia
3217,Victor
3218,Jeronimo
3219,Nuné
3220,Kalian
3221,Rainiero
3222,Elsa
3223,Ainelem
3224,Shina
3225,Taiz
3226,Itzabella
3227,Dolfina
3228,Arantxa
3229,Anabela
3230,YAMILET
3231,Agustina
3232,Lucian
3233,Elis
3234,Suna
3235,Giuliano
3236,Janine
3237,Gerónima
3238,Ida
3239,Alisson
3240,Diana
3241,Mikaela
3242,Moroni
3243,Myckol
3244,Yandi
3245,Eddie
3246,Ginevra
3247,Falco
3248,Bella
3249,Jordana
3250,Miro
3251,Ebener
3252,Ishana
3253,Roger
3254,Emelina
3255,Darian
3256,Saturnino
3257,Elliot
3258,Khiara
3259,Mayra
3260,Yandil
3261,Victoria
3262,Leylen
3263,Vittoria
3264,Indio
3265,Gael
3266,Yesennia
3267,Kale
3268,Priyana
3269,Lisbed
3270,Belisario
3271,Arely
3272,Manolo
3273,Matteo
3274,Azulilen
3275,Dalila
3276,Libertad
3277,Aquiles
3278,Jasmine
3279,Nymeria
3280,Missael
3281,Fada
3282,Loreley
3283,Valdirene
3284,Alis
3285,Oriana
3286,Veida
3287,Saori
3288,Quimey
3289,YUNA
3290,Haru
3291,Nisi
3292,Alleghra
3293,Charity
3294,Maggy
3295,Coral
3296,Lizzi
3297,Shivani
3298,Thabo
3299,Thobias
3300,Kimey
3301,Battista
3302,Mickeas
3303,Noemi
3304,Francisca
3305,Lennon
3306,Osiris
3307,Luanda
3308,Leilani
3309,Evelina
3310,Acacia
3311,Sandino
3312,Benitta
3313,Victorina
3314,Greetel
3315,Ahmed
3316,Tai
3317,Sofi
3318,Caín
3319,Gassiano
3320,Noraliz
3321,Jenara
3322,Lumina
3323,Merlin
3324,Agualuna
3325,Carmelina
3326,Alay
3327,Nissim
3328,Caterine
3329,HELOISE
3330,Uriel
3331,Ghian
3332,Elisa
3333,Johel
3334,Tonatiuh
3335,Carmina
3336,Rosaura
3337,Nahuaxl
3338,Franccesco
3339,Aloe
3340,Igor
3341,Esmeralda
3342,Leyre
3343,Emili
3344,Dhiana
3345,Darly
3346,Zain
3347,Gianfranco
3348,Eriol
3349,Vairolett
3350,Iosef
3351,Teho
3352,Waira
3353,Nayat
3354,Demian
3355,Freddy
3356,Brixton
3357,Mauricio
3358,Nubia
3359,Yulia
3360,Marcela
3361,Janna
3362,Ramona
3363,Dariela
3364,Robustiano
3365,Maor
3366,Ianna
3367,Neymar
3368,Lifko
3369,Luxmila
3370,Zulaica
3371,Sumi
3372,Amaharya
3373,Fabriccio
3374,Disela
3375,Giamlucas
3376,Morgan
3377,Luba
3378,Nikeila
3379,Alhai
3380,Carol
3381,Shanti
3382,Lila
3383,Athina
3384,Adrian
3385,Indalecio
3386,Constancio
3387,Madelene
3388,Nayib
3389,Gianna
3390,Tommi
3391,Nigella
3392,Larisa
3393,Pío
3394,Ndaaya
3395,León
3396,Thiara
3397,Catharina
3398,Fantino
3399,Patrick
3400,Tyrone
3401,Tzofia
3402,Ithan
3403,Lucina
3404,Mercedes
3405,Fracesca
3406,Leila
3407,Isha
3408,Jeyco
3409,Mikael
3410,Shecia
3411,Semain
3412,Uri
3413,Quillen
3414,Lyam
3415,Khalida
3416,Ona
3417,Paulino
3418,Dianella
3419,Cala
3420,Salome
3421,Brisa
3422,Fermín
3423,Edison
3424,Kayla
3425,Norma
3426,Hermann
3427,Gianmarcos
3428,Isnaldo
3429,Elios
3430,Aruma
3431,Etelwa
3432,Khadim
3433,Zirel
3434,Bauthista
3435,Tiara
3436,Haydée
3437,ERVIN
3438,Llantén
3439,Danahi
3440,Sair
3441,Anghely
3442,Franceszka
3443,Tattiana
3444,Sol
3445,Corinna
3446,Orestes
3447,Katalina
3448,Reyna
3449,Katari
3450,Xilene
3451,Cristel
3452,Shiryu
3453,Iuliano
3454,Liang
3455,Nebai
3456,Fabiola
3457,Sofia
3458,Alana
3459,Bruno
3460,Cayetano
3461,Alexei
3462,Limber
3463,Tzahi
3464,Simon
3465,Borka
3466,Enoc
3467,Seus
3468,Gabina
3469,Mendel
3470,Milufer
3471,Debi
3472,Zixuan
3473,Donnato
3474,Caeli
3475,Llorenç
3476,Lukasz
3477,Ailan
3478,Narela
3479,Gerhard
3480,Kadil
3481,Lucy
3482,Graciana
3483,Tupac
3484,Thania
3485,Spiro
3486,Leanne
3487,Ignacy
3488,Adolfo
3489,Ronaldo
3490,Alix
3491,Emeterio
3492,Indi
3493,Jezabel
3494,Merlina
3495,Miled
3496,Tiano
3497,Grisel
3498,Ligia
3499,Alué
3500,Idán
3501,Janis
3502,Yonatan
3503,Nereo
3504,Lusiana
3505,Krysthal
3506,Louyana
3507,Sharbela
3508,Ibrahin
3509,Ambar
3510,Elisandro
3511,Nando
3512,Mikhail
3513,Linda
3514,Stéfano
3515,Justiniana
3516,Shasha
3517,Patxi
3518,Janú
3519,Miloo
3520,Vassilli
3521,Dominick
3522,Ramiro
3523,Lali
3524,Lemuel
3525,Braji
3526,Aynelén
3527,Zara
3528,Elisheba
3529,Ehitan
3530,Salum
3531,Bricio
3532,Lian
3533,Kristen
3534,Ubaldino
3535,Lutecia
3536,Britany
3537,Antuhan
3538,Luanna
3539,Jonás
3540,Gaetán
3541,Francchesca
3542,Sigrid
3543,Torcuato
3544,Denzel
3545,Ciro
3546,Nina
3547,Sharlot
3548,Kendra
3549,Eugenia
3550,Amalur
3551,Emine
3552,Shannon
3553,Claire
3554,Jeremías
3555,Justo
3556,Pía
3557,Ramon
3558,Nathanael
3559,Sullivan
3560,America
3561,Kieran
3562,Elianne
3563,Ester
3564,Erica
3565,Lyan
3566,Lucciano
3567,Vlad
3568,Pol
3569,Antonello
3570,Donatta
3571,Olwen
3572,Alfredo
3573,Jamal
3574,Iam
3575,Maïwenn
3576,Freed
3577,Lemun
3578,Daimara
3579,Annette
3580,Kihara
3581,Yunior
3582,Amilia
3583,Lucena
3584,AirÁ
3585,Sebastián
3586,Seru
3587,Nicolin
3588,Fabio
3589,Venyamin
3590,Haidar
3591,Dariana
3592,Maica
3593,Mark
3594,Adaly
3595,Sonsoles
3596,Dhyan
3597,Calim
3598,Bambú
3599,Wenén
3600,Tian
3601,Yonathan
3602,Ashly
3603,Boro
3604,Sarahi
3605,Yanaina
3606,Maided
3607,Feliciana
3608,Meilin
3609,Yhoel
3610,Imanuela
3611,Nahira
3612,Melaniam
3613,Silvestre
3614,Valentino
3615,Anyel
3616,Miqueas
3617,Domenico
3618,Tamar
3619,Athenea
3620,Ilda
3621,Maximino
3622,Chiara
3623,Naun
3624,Cielo
3625,Habib
3626,Jimena
3627,Dailan
3628,Jazmine
3629,Isahías
3630,Kyralee
3631,Nayluz
3632,Khaleb
3633,Martinna
3634,Amely
3635,Mariajose
3636,Brandon
3637,Trini
3638,Adi
3639,Dagny
3640,Zamir
3641,Morela
3642,Jhandi
3643,Alaim
3644,Olga
3645,Cleo
3646,Diogo
3647,Nuoxi
3648,Guadalupe
3649,Brihanna
3650,Solange
3651,Lujan
3652,Catarina
3653,Max
3654,Uli
3655,Saverio
3656,Aythamí
3657,Girhard
3658,Ennio
3659,Maciel
3660,Nahila
3661,Sakine
3662,Eda
3663,Marlena
3664,Santinotahiel
3665,Maximillano
3666,Allegra
3667,Sheila
3668,Ciana
3669,Adaluz
3670,Zayra
3671,Maristela
3672,Amelia
3673,Emiri
3674,Lea
3675,Amitiel
3676,Zaira
3677,Yaro
3678,Luccio
3679,Constanza
3680,Flaviana
3681,Claudio
3682,Nikita
3683,Izan
3684,Ellha
3685,Juaquina
3686,Medelin
3687,Nerina
3688,Gianlucas
3689,Paulina
3690,Izumi
3691,Isabella
3692,Danielo
3693,Zina
3694,Aldahir
3695,Maritza
3696,Xoel
3697,Tifanny
3698,Indhira
3699,Sherasade
3700,Natahel
3701,Giannluca
3702,Chloe
3703,Yudith
3704,Livio
3705,Eliahu
3706,Simeon
3707,Ulysses
3708,Americo
3709,Elma
3710,Desiré
3711,Piuqué
3712,Carlos
3713,Maitane
3714,Bilal
3715,Mariluz
3716,Laionel
3717,Jeanpier
3718,Iann
3719,Davide
3720,Isela
3721,Jaqueline
3722,Lumi
3723,Kenny
3724,Anina
3725,Daira
3726,Yucel
3727,Fiorentina
3728,Ladislao
3729,Yanara
3730,Artur
3731,Janeth
3732,Ayra
3733,Juanina
3734,Alicia
3735,Mex
3736,Zamirha
3737,Kaim
3738,Kenay
3739,Sakura
3740,Kala
3741,Tamira
3742,Isabelle
3743,Titina
3744,Florián
3745,Yuthiel
3746,Tali
3747,Diamela
3748,Arianne
3749,Heleno
3750,Gabino
3751,Alexa
3752,Ireneo
3753,Neyen
3754,Maxim
3755,Maida
3756,Xiara
3757,Chamuel
3758,Jheremi
3759,Dennisse
3760,Charlize
3761,Belena
3762,Marianna
3763,Macu
3764,Xian
3765,Miguelita
3766,Laila
3767,Raffaella
3768,Galen
3769,Mika
3770,Irina
3771,Cosentino
3772,Tesia
3773,Alegrino
3774,Jacinta
3775,Alfie
3776,Ihan
3777,Avelino
3778,Risabella
3779,Milan
3780,Umbra
3781,Yago
3782,Pamelasoledad
3783,Juniors
3784,Giselle
3785,Walkyria
3786,Marc
3787,Catherina
3788,Madeleyn
3789,Hamilton
3790,Anandi
3791,Amanda
3792,Virgilio
3793,Giovanni
3794,Lucero
3795,Zofia
3796,Guillermina
3797,Hanna
3798,Miabella
3799,Andreas
3800,Kian
3801,Mariangeles
3802,Cianno
3803,Manón
3804,Lina
3805,Amado
3806,Leivi
3807,Francia
3808,GUST
3809,Samay
3810,Teofilo
3811,Toni
3812,Milenna
3813,Wilmar
3814,Canela
3815,Alitzel
3816,Ioshua
3817,Chaco
3818,Awa
3819,Mandy
3820,Amena
3821,Yovana
3822,Naidelyn
3823,Calian
3824,Shirley
3825,Lucinio
3826,Zinovi
3827,Matheo
3828,Viviano
3829,Dasha
3830,Maickol
3831,Thilo
3832,Fausta
3833,Jheremías
3834,Gabriel
3835,Sebasthian
3836,Amaike
3837,Milaia
3838,Marisol
3839,Aretha
3840,Venus
3841,Luam
3842,Amandina
3843,Milen
3844,Harumi
3845,Ayleem
3846,Leslie
3847,Justino
3848,Wenceslao
3849,Cindy
3850,Lumilena
3851,Elohim
3852,Narciso
3853,Concepcion
3854,Reuben
3855,Novalee
3856,Rubina
3857,Ercilia
3858,Tyara
3859,Genaro
3860,Moriana
3861,Boris
3862,Belia
3863,Shaked
3864,Nagual
3865,Niza
3866,Dalia
3867,Adiel
3868,Emilio
3869,Leopoldo
3870,Luciana
3871,Adur
3872,Nefer
3873,Eitana
3874,Fanny
3875,Giulianno
3876,Jeri
3877,Kasia
3878,Francheska
3879,Phillipo
3880,Omara
3881,Ravi
3882,Cosme
3883,Begoña
3884,Vicktoria
3885,Dimitrio
3886,Cintia
3887,Aidana
3888,Galatea
3889,Yanet
3890,Miya
3891,Feliks
3892,Shaiel
3893,Guiam
3894,Zoeh
3895,Yerik
3896,Arabella
3897,Margo
3898,Aneliz
3899,Pauleth
3900,Benicia
3901,Reinaldo
3902,Josefina
3903,Noel
3904,Shaylen
3905,Nippur
3906,Josely
3907,Efrain
3908,Luhana
3909,Rania
3910,Duimo
3911,Huara
3912,Asenat
3913,Yordy
3914,Gregoria
3915,Felicita
3916,Mayumi
3917,Nadira
3918,Andrey
3919,Conrado
3920,Rosalia
3921,Aithiana
3922,Franshesca
3923,Romano
3924,Andriy
3925,Tahína
3926,Augusta
3927,Líbera
3928,Katy
3929,Mirela
3930,Jonatan
3931,Orion
3932,Yusei
3933,Oriel
3934,Yeraldín
3935,Avraham
3936,Isa
3937,Fresia
3938,Yuka
3939,Azariel
3940,Xenon
3941,Estanislao
3942,Luian
3943,Tiffany
3944,Cristaldo
3945,Liat
3946,Loanna
3947,Kenneth
3948,Damasia
3949,Alexis
3950,Venezia
3951,Barbarita
3952,Moirè
3953,Giustina
3954,Roberta
3955,Rubén
3956,Yeyla
3957,Loretta
3958,Gracia
3959,Wari
3960,Zulma
3961,Rosmary
3962,EDOARDO
3963,Martiniana
3964,Dayma
3965,Mainela
3966,Nomidya
3967,Eloy
3968,Kalessi
3969,Tikal
3970,Francesca
3971,Gissela
3972,Ulysse
3973,Shaciro
3974,Jhoel
3975,Antolina
3976,Edel
3977,Vianel
3978,Toshiko
3979,Shelomo
3980,Jesuan
3981,Zuleica
3982,Colette
3983,Liv
3984,Delmi
3985,Lemmy
3986,Aneley
3987,Niccolò
3988,Gianella
3989,Cayetana
3990,Mathew
3991,Romeo
3992,Egan
3993,Nerella
3994,Regina
3995,Adaliz
3996,Daryna
3997,Akshara
3998,Oliver
3999,Killari
4000,Ulises
4001,Keylie
4002,Ianella
4003,Vicentino
4004,Belkys
4005,Yohana
4006,Paulita
4007,Haylee
4008,Aylin
4009,Laurentino
4010,Benjamn
4011,Amel
4012,Zadkiel
4013,Kimberli
4014,Brain
4015,Tajy
4016,Ryana
4017,Romina
4018,Ludwika
4019,Joab
4020,Nadia
4021,Brigitte
4022,Alexandre
4023,Andreu
4024,Shania
4025,Shaira
4026,Atila
4027,Samira
4028,Marla
4029,Franchezca
4030,Sienna
4031,Rihana
4032,Gaia
4033,Silvino
4034,Mahia
4035,Debora
4036,Mackenzie
4037,Sabine
4038,Robertina
4039,Martino
4040,Aluhe
4041,Darlene
4042,Gabo
4043,Ailen
4044,Anayeli
4045,Indigo
4046,Amaite
4047,Morgana
4048,Anfisa
4049,Giano
4050,Joan
4051,Mariana
4052,Leonela
4053,Francescca
4054,Celestino
4055,Taliha
4056,Rosamaria
4057,Tefo
4058,Teresa
4059,Lahionel
4060,Zinedine
4061,Ezzel
4062,Shion
4063,Amalia
4064,Abygail
4065,Maconin
4066,Filomena
4067,Nilufer
4068,Lilen
4069,Sahyra
4070,Lua
4071,Franscesca
4072,Donata
4073,Mariel
4074,Benizio
4075,Litzie
4076,Konstantinos
4077,Lìlian
4078,Athilo
4079,Ysabella
4080,Bemjamin
4081,Willi
4082,Tenoch
4083,Arantza
4084,Consuelo
4085,Stefania
4086,Fabrixio
4087,Facundo
4088,Neyl
4089,Majo
4090,Arwen
4091,Kospi
4092,Luhanna
4093,Youze
4094,Brunela
4095,Valeria
4096,Giovanno
4097,Marisa
4098,Fedra
4099,Luria
4100,Manuela
4101,Jahaziel
4102,Helamán
4103,Meera
4104,Ahynara
4105,Natanael
4106,Atahualpa
4107,Fantina
4108,Matthias
4109,Anelise
4110,Ainoha
4111,Oliva
4112,Moly
4113,Adam
4114,Russell
4115,Analucia
4116,Efren
4117,Yasin
4118,Madox
4119,Juanse
4120,Rafaela
4121,Keyla
4122,Almamiha
4123,Pascual
4124,Tiberio
4125,Zlatan
4126,Izabella
4127,Sasha
4128,Nahyara
4129,Ibis
4130,Cedric
4131,Jhoan
4132,Raymundo
4133,Yeonilda
4134,Galilea
4135,Alysa
4136,Kim
4137,Haziel
4138,Nila
4139,Cecilia
4140,Noami
4141,Hagop
4142,Arthur
4143,Greco
4144,Delfy
4145,Livi
4146,Mariangel
4147,Keila
4148,Asia
4149,Kalu
4150,Delia
4151,Yuliel
4152,Hiram
4153,Hada
4154,Elani
4155,Adan
4156,Tyler
4157,Noraly
4158,Salah
4159,Aylan
4160,Jeremy
4161,Charito
4162,Alegria
4163,Dwanye
4164,Lioba
4165,Joshua
4166,Ariela
4167,Maher
4168,Dany
4169,Josselyn
4170,Simona
4171,Karim
4172,Reichel
4173,Rebecca
4174,Federica
4175,Maela
4176,Yansel
4177,Arelis
4178,Bastiam
4179,Elianis
4180,Mikele
4181,Analí
4182,Lou
4183,Mustafa
4184,Azucena
4185,Leticia
4186,Sabina
4187,Alondra
4188,Crystal
4189,Bernardo
4190,Aymée
4191,Fares
4192,Venecia
4193,Ornella
4194,Calin
4195,Alatze
4196,Aranzazu
4197,Connor
4198,Ulices
4199,Judith
4200,Pietro
4201,Arnoldo
4202,Rajel
4203,Aransa
4204,Atiel
4205,Hipólito
4206,Byron
4207,Frans
4208,Valerio
4209,Aislin
4210,Etienne
4211,Nero
4212,Leontina
4213,Maryanny
4214,Elysana
4215,Lisbeth
4216,Michael
4217,Zarila
4218,Amarilis
4219,Jadiye
4220,Eithan
4221,Ziana
4222,Ankara
4223,Nella
4224,Janah
4225,Hailie
4226,Brida
4227,Betzabe
4228,Candela
4229,Grazia
4230,Isabelina
4231,Maitte
4232,Marien
4233,Allison
4234,Román
4235,Akemi
4236,Mymelodie
4237,Dagmar
4238,Aluma
4239,Anajulia
4240,Agatha
4241,Amaralina
4242,Ezio
4243,Mical
4244,Cali
4245,Escarle
4246,Albina
4247,Cristal
4248,Vander
4249,Emmanuel
4250,Zelmira
4251,Shannel
4252,Luhel
4253,Nadima
4254,Nassif
4255,Lusmila
4256,Yolanda
4257,Mishael
4258,Drago
4259,Jhoseline
4260,Livia
4261,Cristofher
4262,Lavinia
4263,Isinea
4264,Sofii
4265,Maylena
4266,Amaya
4267,Isabel
4268,Jordina
4269,Chehuel
4270,Nahum
4271,Nico
4272,Eduvigis
4273,Ahian
4274,Amok
4275,Mei
4276,Axel
4277,Mahiara
4278,Ailey
4279,JAGRAJ
4280,Giovanny
4281,Nelfo
4282,Yenebith
4283,Ihana
4284,Makeinsy
4285,Wilson
4286,Niek
4287,Evangeline
4288,Anthonia
4289,Keylor
4290,Anaclara
4291,Zenobia
4292,Diógenes
4293,Valkiria
4294,Eliseo
4295,Neil
4296,Benita
4297,Ema
4298,Caetana
4299,Valeriano
4300,Soffía
4301,Guazú
4302,Ernesthina
4303,Martina
4304,Santhigo
4305,Laurina
4306,Robinson
4307,Rodolfo
4308,Runo
4309,Cecile
4310,Muriel
4311,Quiana
4312,Yamal
4313,Anita
4314,Aeron
4315,Heinrich
4316,Lidia
4317,Iñaki
4318,Habin
4319,Taiza
4320,Adabella
4321,Caleb
4322,Lorien
4323,Yovani
4324,Genesio
4325,Marianela
4326,Floriano
4327,Kyara
4328,Jhovanni
4329,Hayden
4330,Tilo
4331,Ethel
4332,Mahara
4333,Emeralda
4334,Samantha
4335,Brad
4336,Vittorina
4337,Tales
4338,Hannah
4339,Melvin
4340,Joaquín
4341,Anelìs
4342,Morelia
4343,Maxima
4344,Natali
4345,Paris
4346,Amelin
4347,Fortunata
4348,DUNIER
4349,Akilina
4350,Yamile
4351,Laurencio
4352,Verona
4353,Anabeth
4354,Willan
4355,Yutuel
4356,Bryhana
4357,Ian
4358,Christopher
4359,Ignacio
4360,Vico
4361,Yuliano
4362,Shayna
4363,Timothy
4364,Era
4365,Castiel
4366,Ebelin
4367,Alonso
4368,Vicencio
4369,Keshly
4370,Alika
4371,Cyro
4372,Ella
4373,Tainara
4374,Clementina
4375,Yingo
4376,Samael
4377,Meghan
4378,NIKOLAI
4379,Pastor
4380,Yeferson
4381,Michel
4382,Tahiara
4383,Wisdom
4384,Giannara
4385,Vita
4386,Denise
4387,Annalis
4388,Branco
4389,Tamir
4390,Bastian
4391,Fabriciana
4392,Meriana
4393,Deysi
4394,Clemente
4395,Anabella
4396,Julen
4397,Juano
4398,Stefy
4399,Johann
4400,Pauly
4401,Maithe
4402,Anapaula
4403,Damariz
4404,Camilo
4405,Dayana
4406,Nelson
4407,Eduviges
4408,Richard
4409,Umaia
4410,Helio
4411,Colombina
4412,Mattia
4413,Jonathan
4414,Enuel
4415,Estefano
4416,Taciano
4417,Malala
4418,Anelle
4419,Luoqi
4420,Draco
4421,Angela
4422,Edgardo
4423,Almira
4424,Bryana
4425,Jesica
4426,Apolo
4427,Elenir
4428,Elisabeth
4429,Jonny
4430,Ciriaco
4431,Irisa
4432,Arai
4433,Neydan
4434,Aranza
4435,Bartolo
4436,Nayme
4437,Nyx
4438,Lazael
4439,Braian
4440,Soe
4441,Dean
4442,Doralisa
4443,Giovani
4444,Kenzo
4445,Herminia
4446,Amparo
4447,Marttina
4448,Sibel
4449,Maquir
4450,Armin
4451,Swann
4452,Batsheba
4453,Margot
4454,Summer
4455,Gisela
4456,Aramis
4457,Kiarella
4458,Mahira
4459,Marlene
4460,Amir
4461,Decio
4462,Jaden
4463,Renatta
4464,Jorgelina
4465,Vinca
4466,Marie
4467,Eneas
4468,Rodolfito
4469,Felicidad
4470,Nidia
4471,Brandina
4472,Laiana
4473,Vitta
4474,Yony
4475,Basthian
4476,Murilo
4477,Indaia
4478,Ephraim
4479,Aby
4480,Nayibe
4481,Ruffo
4482,Cyrano
4483,Dessiré
4484,Maicon
4485,Brith
4486,Paula
4487,Keisha
4488,Paco
4489,Zhoe
4490,Santo
4491,Eduarda
4492,Rossina
4493,Natalia
4494,Franchezco
4495,Brenda
4496,Luisanna
4497,Gefen
4498,Fernanda
4499,Jonaiby
4500,Lorna
4501,Itzayana
4502,Victoriano
4503,Katherina
4504,Fermina
4505,Lesiev
4506,Tomy
4507,Olivenza
4508,Nicanora
4509,Efraim
4510,Amara
4511,Jhonatan
4512,Tina
4513,Elianara
4514,Cassandra
4515,Hahn
4516,Floreal
4517,Salomon
4518,Antonio
4519,Grecia
4520,Caroline
4521,Analiz
4522,Neptuno
4523,Lisau
4524,Braiana
4525,Licela
4526,Kailúa
4527,Karla
4528,Izel
4529,Emhir
4530,Sayumi
4531,Anastasia
4532,Aimar
4533,Naobi
4534,Selva
4535,Shimon
4536,Diego
4537,JHORDAN
4538,Adriano
4539,Daniele
4540,Donatella
4541,Noelia
4542,Liana
4543,SENNA
4544,Luisiana
4545,Francine
4546,Aitor
4547,Belkis
4548,Wanda
4549,Zayara
4550,Annabella
4551,Amancay
4552,Cristino
4553,Iafa
4554,Manum
4555,Itati
4556,Celestina
4557,Rousse
4558,Luisana
4559,Ruperta
4560,Ake
4561,Christofer
4562,Eva
4563,Cristian
4564,Anyelin
4565,Sarina
4566,Jandry
4567,Zachary
4568,Indiana
4569,Miranda
4570,Irma
4571,Federico
4572,Cesar
4573,Matthew
4574,Meiling
4575,Yerami
4576,Nissi
4577,Winnie
4578,Xamira
4579,Dastan
4580,Zimara
4581,Barberina
4582,Marta
4583,Amelie
4584,Tatev
4585,Manel
4586,Juliette
4587,Anahi
4588,Thea
4589,Aurora
4590,Magdiel
4591,Hisabella
4592,Ellen
4593,Salustiano
4594,Elim
4595,Leyna
4596,Solangel
4597,Manal
4598,Luisao
4599,Silvina
4600,Agusto
4601,Leoncio
4602,Yusleydis
4603,Alina
4604,Sahib
4605,Elvia
4606,Mileno
4607,Lizzy
4608,Aitena
4609,Nazaret
4610,Cathalina
4611,Isamar
4612,Mikhael
4613,Pricila
4614,Ergun
4615,Kalif
4616,Agustino
4617,Mailin
4618,Raquel
4619,Almorena
4620,Victorino
4621,Jeshus
4622,Vicco
4623,Maily
4624,Atiliano
4625,Cirilo
4626,Jael
4627,Amal
4628,Luana
4629,Areli
4630,Yixin
4631,Jelena
4632,Sharon
4633,Aquilina
4634,Agar
4635,Elina
4636,Yeraldine
4637,Electra
4638,Leandro
4639,Lionela
4640,Celenia
4641,Albert
4642,Jacob
4643,Madeline
4644,Arumai
4645,Olimpia
4646,Chiarella
4647,Loisiana
4648,Mohamed
4649,Lhian
4650,Taila
4651,Delaida
4652,MARICHELYN
4653,Maggie
4654,Yubitza
4655,Mara
4656,Nabila
4657,Jesabel
4658,Blaz
4659,Penny
4660,Alen
4661,Yadir
4662,Umma
4663,Amadeo
4664,Caiana
4665,Daniela
4666,Niko
4667,Rita
4668,Teodora
4669,Irineo
4670,Halina
4671,Iñaqui
4672,Luro
4673,Delaia
4674,Winona
4675,Pedro
4676,Xavier
4677,Juliana
4678,Marcial
4679,Umah
4680,Raul
4681,Canetti
4682,Debra
4683,Jhoselyn
4684,Fabrizia
4685,Aileen
4686,Essam
4687,Katerin
4688,Yamir
4689,Yareli
4690,Ophelie
4691,Anneke
4692,Javier
4693,Christiano
4694,Annina
4695,Cristopher
4696,Aviv
4697,Aime
4698,Bethania
4699,Nehemias
4700,Fabián
4701,Palmira
4702,Benigno
4703,Lion
4704,Arami
4705,Bahiano
4706,Dionela
4707,Ara
4708,Ragnar
4709,Pablo
4710,Chavela
4711,Keilee
4712,Tayra
4713,Alba
4714,Harry
4715,Annetta
4716,Leyla
4717,Maiko
4718,Kalem
4719,Edmundo
4720,Meli
4721,Nacira
4722,Irelia
4723,Wendy
4724,Olvis
4725,Tobias
4726,Yanina
4727,Isidro
4728,Riana
4729,Kata
4730,Maillen
4731,Lucrecia
4732,Nils
4733,Iwan
4734,Dyllan
4735,Iselyn
4736,Bautista
4737,Dora
4738,Nissa
4739,Ilario
4740,Roi
4741,Amador
4742,Abimael
4743,Nahemias
4744,Aleika
4745,Jhojan
4746,Merillin
4747,Paolo
4748,Valenttina
4749,Tamara
4750,Renne
4751,Raymi
4752,Celina
4753,Gahia
4754,Irupé
4755,Damiana
4756,Junior
4757,Katerine
4758,Liby
4759,Narella
4760,Solcire
4761,Lisbet
4762,Aluna
4763,Elbio
4764,Ithiel
4765,Liria
4766,Bernardita
4767,CHANHO
4768,Mikela
4769,Yoseli
4770,Caterina
4771,Venesia
4772,Helenita
4773,ARLETH
4774,Ani
4775,Alinne
4776,Gemma
4777,Nahim
4778,Belbara
4779,Vianney
4780,Alvaro
4781,Viggo
4782,Cara
4783,Luisa
4784,Shaila
4785,Meilyn
4786,Sarah
4787,Marion
4788,Atilio
4789,Raian
4790,Marielena
4791,Bayron
4792,Altair
4793,Corrado
4794,Cristabel
4795,Alesandro
4796,Halena
4797,Delfina
4798,Nuriel
4799,Peter
4800,Kaori
4801,Joela
4802,Jeshia
4803,Evelia
4804,Agostina
4805,Arelly
4806,Tanit
4807,Jeuel
4808,Milo
4809,Dianca
4810,Mirko
4811,Germinia
4812,Bona
4813,Grazziana
4814,Mailyn
4815,Atuel
4816,Princesa
4817,Magali
4818,Yiuliana
4819,Eliano
4820,Dalissa
4821,Nahara
4822,Abisay
4823,Driel
4824,Aline
4825,Ahiara
4826,Ivana
4827,Teodelina
4828,Maimuna
4829,Mickeila
4830,Marcio
4831,Alai
4832,Iani
4833,Jaiana
4834,Izana
4835,Emilia
4836,Maximila
4837,Mario
4838,Sirio
4839,Analaura
4840,Juanita
4841,Camelia
4842,Ariano
4843,Aharon
4844,Aithana
4845,Kaleb
4846,Manu
4847,Francinna
4848,Fanyana
4849,Zoltan
4850,Vilma
4851,Anton
4852,Eluen
4853,Nazareth
4854,Zoilo
4855,Maikol
4856,Berlina
4857,Alihuen
4858,Dalma
4859,Elemir
4860,Jaylen
4861,Melinda
4862,Daria
4863,Milhey
4864,Nano
4865,Zulema
4866,Robe
4867,Germina
4868,Yadiel
4869,Bismar
4870,Salim
4871,Dima
4872,Aukán
4873,Ever
4874,Carola
4875,Gamal
4876,Maialen
4877,Joaquim
4878,Eleonor
4879,Noam
4880,Luhiel
4881,Gudit
4882,Neftali
4883,Gretta
4884,Aicha
4885,Amadahy
4886,Lazaro
4887,Thaís
4888,Saleh
4889,Liberata
4890,Verenna
4891,Zhongting
4892,Shamir
4893,Meital
4894,Mae
4895,Catalina
4896,Elioner
4897,Angelica
4898,Nahir
4899,Vanna
4900,Astrid
4901,Maico
4902,Anisa
4903,Rossella
4904,Tom
4905,Dahiara
4906,Ayleen
4907,Elvis
4908,Almedra
4909,Jesuina
4910,Ennis
4911,Francesco
4912,Tirso
4913,Taysa
4914,Alma
4915,Milea
4916,Lorenzo
4917,Yojanan
4918,Vitto
4919,Demir
4920,Jessamine
4921,Isaias
4922,Louis
4923,Yuli
4924,Bladimir
4925,Faustina
4926,Ayelén
4927,Monserrat
4928,Johanna
4929,Tana
4930,Clémentine
4931,Nehemir
4932,Miqueila
4933,Maximiano
4934,Antía
4935,Simba
4936,Berenisse
4937,Melissa
4938,Simonna
4939,Bela
4940,Albertina
4941,Ylenia
4942,Damon
4943,Aili
4944,Balbina
4945,Layla
4946,Suellen
4947,Charis
4948,Zamaira
4949,Sacha
4950,Hendrick
4951,Nive
4952,Raciel
4953,Dario
4954,Leonides
4955,Valentin
4956,Aleksandra
4957,Nuray
4958,Amada
4959,Nimai
4960,Venisio
4961,Naiely
4962,Keisy
4963,Armonia
4964,Vicentina
4965,Emilya
4966,James
4967,Yisbert
4968,Liborio
4969,Nirvana
4970,Shair
4971,Macarena
4972,Isaira
4973,Argelia
4974,Alejandro
4975,Joel
4976,Ginebra
4977,Katia
4978,Leona
4979,Lucién
4980,Naidelin
4981,Branko
4982,Larice
4983,Adair
4984,Amatista
4985,Adrianne
4986,Ambra
4987,Jagger
4988,Danisa
4989,Emilce
4990,Marilina
4991,Callia
4992,Ringo
4993,Aruna
4994,Lizeth
4995,Amma
4996,Bryan
4997,Pasquale
4998,Dominic
4999,Quinto
5000,Marcelo
5001,Darrell
5002,Jhanna
5003,Salatiel
5004,Zuleyka
5005,Shutiel
5006,Zamba
5007,Viktoria
5008,Ayme
5009,Gaspare
5010,Karél
5011,Laudir
5012,Vicet
5013,Neferet
5014,Ferran
5015,Eliam
5016,Kalam
5017,Carolina
5018,Marin
5019,Qianyi
5020,Wili
5021,Lehoi
5022,Silvano
5023,Shayen
5024,Bian
5025,Celeste
5026,Aria
5027,Manzur
5028,Tiziano
5029,Ludmila
